{"cameraMode":{"drawMode":0,"name":"Shaded","section":"Shading Mode"},"sceneLighting":true,"audioPlay":false,"sceneViewState":{"showFog":true,"showMaterialUpdate":true,"showSkybox":true,"showFlares":true,"showImageEffects":true,"showParticleSystems":true},"in2DMode":false,"pivot":{"x":5.405246734619141,"y":3.1656131744384767,"z":-5.413474082946777},"rotation":{"x":0.28048357367515566,"y":-0.64927077293396,"z":0.2806594669818878,"w":0.6489039063453674},"size":12.465252876281739,"orthographic":false}